PAYMENT_RATIO_MEAN,POS_CNT_INSTALMENT_FUTURE_MEAN,EXT_SOURCE_1,EXT_SOURCE_2,EXT_SOURCE_3,AMT_CREDIT,AMT_ANNUITY,DAYS_EMPLOYED,OWN_CAR_AGE,INST_NUM_INSTALMENT_NUMBER_COUNT,PREV_CNT_PAYMENT_MEAN,PREV_REFUSAL_RATE,CODE_GENDER
0.5119941307320987,16,0.1982215117301668,0.4034868719379391,0.7784382329046176,16738,2812,-3866,10,1,9.574286138876955,0.6607985296909104,M
1.1457857370509077,8,0.8011552607002351,0.5844305261159063,0.7719711842257461,33797,2451,-2216,13,4,28.043793091221076,0.7463628843132415,M
0.9051933359925455,0,0.6143404508914025,0.38538564243200135,0.7661443754776346,52498,3975,-836,7,1,16.173178594155374,0.31157173958222895,M
0.7585243326167401,19,0.6631569081108075,0.5268095402397565,0.10882529140997264,16120,3045,-2654,28,3,8.881808966323746,0.8456535222773424,M
0.2716205044866802,12,0.8284992028322432,0.7254322638760236,0.6996363875751106,55981,4166,-103,29,0,12.575837040819566,0.2596032837084785,F
0.27159397236982286,15,0.5998090168346009,0.6643084752897629,0.706941112088804,13767,4064,-2750,23,3,18.359258114735454,0.0016437571124496841,M
0.1638919733850194,12,0.36869268571986813,0.45709491721006845,0.6427030582841134,27852,2522,-4940,27,0,19.935540085997424,0.37641496252069395,F
1.0527937603524287,13,0.7600858651381278,0.7913729421393352,0.7050117263131621,18703,3092,-1990,9,4,5.463665783704246,0.5707614809590734,F
0.7612265129175296,2,0.3904473697560724,0.5465121996750903,0.773576297197367,5929,1997,-1099,6,0,29.333918619810103,0.47870485796552253,F
0.87887983557565,5,0.12738248865642332,0.53192467160177,0.47625524328142854,16951,3762,-3663,27,0,16.798394582500876,0.862076142576597,F
0.1226429437253827,17,0.7645236052521999,0.12735021275132655,0.5016401707907577,57851,4363,-3816,16,0,4.9349612159761,0.10540528595616694,F
1.1669008373781937,18,0.37615371590502045,0.8893543842857293,0.1997712455291124,31039,1824,-574,3,1,26.91542234703788,0.5538234406337256,M
1.0156869048804638,4,0.7190676185610723,0.19837664682370137,0.4083007064378895,53613,332,-3449,28,1,3.1645145013034353,0.5129793498209074,F
0.33357302174610376,14,0.3902063157327563,0.2849047299421173,0.6146921439294275,34504,4325,-567,12,4,27.324327562147868,0.281392982172163,F
0.30000746392781064,1,0.7888544159797773,0.14135746979322159,0.7243198209178197,22438,2866,-3371,3,0,29.90040403238049,0.8222281125770106,M
0.3017449608387772,9,0.27560842006476693,0.612002373469531,0.2737672781529684,53515,3103,-3673,4,2,21.312522175538614,0.7528486558822063,M
0.4346664672554914,17,0.879637812159096,0.279760941578144,0.21025831932738834,10744,4196,-3474,25,4,23.342969411145702,0.732859187331831,F
0.6772320747954615,12,0.7238070198304246,0.2440083499781788,0.6304336036003938,23284,4009,-3327,21,0,10.781782257557104,0.876192478269556,F
0.5751395205063273,4,0.19139034073631747,0.1708444673785931,0.10150390681992852,47417,1019,-3639,3,0,28.30572872928408,0.7227846006215212,M
0.42035205421784605,0,0.5526212959732484,0.18264716569921255,0.24269806744586386,44748,4879,-3427,17,1,16.36170501714266,0.23184129171472645,F
0.7730381841946173,0,0.8882938497933878,0.567736560354071,0.123257104275163,12069,1272,-2314,5,4,22.23926495132909,0.7055627116496911,M
0.253443246717246,17,0.47685236215505156,0.6505662926932764,0.23350809428389674,47359,4018,-630,23,0,27.799123761427104,0.30770281338984384,M
0.4213591133887399,14,0.2456857110572666,0.4179031907715208,0.2450554239404042,24799,4702,-2634,23,0,29.28021930328974,0.24217465034747054,F
0.5029980276230608,16,0.487822693720277,0.48391766527365865,0.4101388758003154,38210,4852,-1243,22,4,25.162926341303557,0.07300359289962732,M
0.6016769826387395,10,0.5099661247055373,0.6487741887863873,0.4218616997492448,33226,2507,-2566,21,2,9.78750770247887,0.7440285803476767,F
0.9636935575323148,16,0.6933495553829324,0.11390383214838372,0.7994099764881902,9652,4726,-3007,1,4,29.02987798001039,0.7110009619498112,F
0.31964116037419565,12,0.6590766825287235,0.3585045256562228,0.5080877699990601,29323,4620,-4131,22,4,19.21546640606358,0.23449947767409374,F
0.6656578822549727,0,0.42204003487758446,0.8784781984562772,0.678723812489829,47138,3330,-3986,10,2,27.988631814206837,0.749379016724156,M
0.7516560257482466,1,0.2744184859952692,0.5640897837563744,0.18330988633622997,12597,3875,-3089,27,4,20.607045748616205,0.917840883093553,F
0.1510954539919975,8,0.6160433342154635,0.30337966391799465,0.28035100437095506,52093,3416,-4398,13,0,9.909929893583893,0.10802895749157926,M
0.768299337091582,2,0.4373631476426255,0.5173840373089705,0.6623547527829414,42226,3585,-1179,29,4,11.730711200141663,0.23263663838677495,F
0.2875765360560206,0,0.20582096890026433,0.37412279049673225,0.14224316837482248,11591,943,-4310,4,2,16.963681535985273,0.7502607940873155,F
0.17155675228380746,15,0.8204578409891086,0.5257959910610394,0.4892781297950025,54114,494,-4507,5,3,23.91043040523658,0.27450667350707825,M
1.1437740909786664,5,0.6529774860877235,0.20059320944531908,0.5794951725303471,30833,4296,-4511,9,4,10.221493988869714,0.6246639742837168,F
1.1621952363820152,16,0.6465470851563851,0.20617172305542192,0.5817165152419849,16826,788,-2444,7,1,17.81220381789157,0.08116422446371452,F
0.9892370829281071,4,0.7580671007293391,0.21483388963151429,0.11834624901443364,31417,2504,-515,13,0,11.023124813715643,0.4522024791035387,M
0.43507514609070774,4,0.5237293429240649,0.8518558335414734,0.35768640338334845,23693,2957,-4706,23,0,24.657312734418106,0.7390914219929531,M
0.20743932540702226,5,0.7520435427219657,0.6863191346730735,0.6091925208393232,19138,3576,-973,2,1,14.535114719270563,0.6865139430432525,M
0.8526563291633724,2,0.49847260280880457,0.22990551572985674,0.21919978891939476,55062,1402,-2157,11,1,3.2249619787336714,0.8150721006758068,F
0.5841677431135613,4,0.1537403199325681,0.25067926701248117,0.6563325186624426,58492,1541,-2088,15,4,5.815523122964555,0.8774521266031688,M
0.2342420583292567,4,0.424198470422151,0.6846635798967011,0.6967401670509397,58161,815,-3283,27,1,2.7720353609693364,0.7731835012587582,M
0.6446946011223971,9,0.4979719151839125,0.22493107583373917,0.8855753523569162,7169,692,-2404,29,3,15.479785434415431,0.671587742938926,F
0.13782737322674024,9,0.6761620653058367,0.28764903466786296,0.26787359588512755,23556,930,-256,22,2,4.083781623098588,0.03172249181603115,M
1.1002524422866602,18,0.1852629841029395,0.8706774662563193,0.7601045341328921,27052,4016,-3127,16,1,4.310059109979331,0.534966673409444,F
0.3846579797600186,16,0.2120148309283592,0.3042452197827455,0.5162372615349232,11313,2147,-337,0,1,28.290399541112933,0.03769772491485279,F
0.8287745127893801,13,0.3109470421076932,0.6293058802969174,0.3987700769153387,13315,2955,-1742,22,3,26.306997093105608,0.8080678171160226,M
0.44288218369835197,8,0.3131987146967058,0.8829050299204243,0.19790140586014238,13036,1279,-2183,9,0,14.110511307529613,0.3207245244599576,F
0.6720748232955918,13,0.6857476627672499,0.39943741371183417,0.6884044851900301,36778,4829,-4556,24,0,29.58835430465597,0.5624293741179209,M
0.7013813072776075,0,0.3005845284492782,0.1140127926896498,0.2886860793149497,32734,3702,-1359,22,4,1.0054093169492302,0.2794453073189026,M
0.30333990107807973,18,0.6064784506859581,0.29531783233789943,0.3971376014984366,28173,4171,-542,9,3,18.80540423192842,0.7825001443802936,M
1.1665430905410143,12,0.4954190801106172,0.7647017530733644,0.15003378151789476,35403,577,-4259,20,2,18.87641714378423,0.8865025266419025,M
0.9526461056972259,12,0.5586355025435206,0.7916870687640294,0.7410935326556153,5785,532,-2959,23,2,14.265848620226757,0.39864249421306397,F
1.133448835720608,3,0.7704855705426367,0.714815491619033,0.7132708191773147,11139,1852,-4321,1,3,12.511491215094493,0.862922393510989,F
1.0843100854704135,0,0.4235052012392194,0.19048785526125844,0.68689266403385,11344,3570,-2533,8,2,14.20611092893762,0.2670750074563324,M
0.7576899766921935,16,0.7167291016514165,0.7364082973571225,0.3395548083935094,23800,2709,-1303,21,0,13.033852646310734,0.5346609230755238,M
1.1140616585254284,7,0.4376288476405499,0.8349422375948035,0.23878405941276581,30372,3812,-3642,12,2,22.184281846986682,0.858761429838704,F
0.19734175225711142,1,0.38309710124899954,0.5804876340369889,0.6100426115761838,25538,325,-4938,24,2,4.925307614225238,0.3258813426157904,M
0.3155811486610597,7,0.8669017418505764,0.8527002850704519,0.4969331072905756,19973,760,-2441,15,3,6.731537397142774,0.9540422650780858,F
0.14975001780159186,6,0.2474967365431706,0.7614711069695019,0.24260197352371327,10619,4064,-1231,17,3,6.235028623380284,0.12187950178138363,M
0.4578633638395907,1,0.1722695684620863,0.6335772135927258,0.6487290168398909,39704,3731,-649,18,2,8.611646968516672,0.018275069723506232,F
0.5275450186584302,2,0.7167887404283828,0.5617481893693985,0.8929011454570429,41575,3783,-4866,11,1,16.232494144665914,0.9041353525781907,F
0.3984839349512854,17,0.15459976428327327,0.3788589337935764,0.6977756701936302,44919,2294,-1356,7,3,4.225053672808343,0.06864866614787224,F
1.011611260067122,11,0.7696631925624235,0.2274299561942441,0.6919891093484895,47261,790,-2865,16,4,26.17690956446862,0.9918891959474917,M
0.4924286593629482,0,0.44975471708579484,0.5839631381524327,0.8602502023444734,50123,1372,-1722,14,4,9.623484407945696,0.9513968619791061,M
0.4090279606561188,11,0.8324109418335313,0.35448924289449557,0.2623490940599218,32716,3473,-4178,9,0,5.713601636592528,0.13702091003632066,M
0.6969656914740732,4,0.6772262888975245,0.7931509340221163,0.5524399719371523,8236,515,-1926,14,2,20.593017978349057,0.5375846256925658,M
0.2550166474722389,16,0.5883237336063661,0.8946695498869028,0.8837173720271068,20848,2023,-2019,14,1,2.1045027173802593,0.18492029746714433,M
0.9824166788294435,15,0.8594454376462125,0.701942210092458,0.23223528877613964,7352,1892,-4880,22,0,18.97908838135076,0.42815517303011985,F
0.1820057080477479,14,0.4173194984416434,0.1723853562296406,0.6602015675556168,6932,2906,-3363,6,2,21.247754489618494,0.06142512925983268,F
1.185575630260569,14,0.8632695492317065,0.33094847642451053,0.5686481167775216,15913,458,-4076,12,3,7.232579410214856,0.22392458779658952,F
0.949469246226323,4,0.20800102193696557,0.1872877054125998,0.5691832737509656,13556,3613,-4356,16,4,2.2169581298653944,0.36327279639889953,F
0.3185872496875896,13,0.4870039535459302,0.6204093182333726,0.6581365020160601,26300,3141,-2968,8,1,11.545715408664039,0.4386475002460548,F
0.10607432883596264,1,0.31592897791375596,0.7121526916446278,0.8436935383005474,10498,2076,-2239,7,4,3.859232677016158,0.9774962582088932,F
0.9970075713003175,10,0.5318742231265547,0.8405398647045694,0.7260655518810704,15582,2352,-2932,19,3,4.377857640526775,0.8078656456839812,F
0.8775430782323788,18,0.2296111023132677,0.45053787712959015,0.144908882732968,55098,2595,-4759,25,2,8.373575711901072,0.7374099443119462,M
0.9019078848450859,6,0.7732237282480348,0.8211005196707555,0.782182415900569,51633,1996,-2332,26,3,9.56856981417602,0.5370413147419743,F
0.9483973813545402,5,0.7771262794516458,0.802312927233062,0.2804330639405861,14569,3293,-4198,20,3,16.369139889621195,0.8399977606043434,M
0.18144911690749937,1,0.8641890501787832,0.3537565734123189,0.4015313317890976,55591,2769,-836,17,4,20.67336467958738,0.3393228356557111,F
0.49431230139869986,5,0.223737712706589,0.7951205004324569,0.4693862508899057,9857,2246,-4805,12,1,18.190357285235358,0.7088991127733161,F
0.22745596547764269,17,0.5986660407239927,0.4005378015053812,0.4847248006024557,5340,4109,-2813,15,3,5.302449781395987,0.9937839753781721,M
1.0494137684631528,1,0.47938984696029574,0.3374954196482246,0.44814431940428545,48949,3083,-1485,8,4,5.990494941126166,0.3146289089351988,F
0.7856279395103136,17,0.37550698563538665,0.6192597270355145,0.8498826353726916,21766,3944,-2670,11,1,26.48430824399452,0.6740175348839673,M
0.4639878273379141,14,0.3812321289073751,0.3627049823080649,0.6648152061312197,31132,2800,-2641,11,2,17.192217136859295,0.8443148641523824,F
0.169914185314626,18,0.43023484048540184,0.6041669986633154,0.6049365167653651,13491,3945,-159,5,2,26.22819715403298,0.9158075833506722,M
0.44208055388722833,1,0.6639404397511625,0.5878654443989556,0.13987362222635324,5138,2945,-1394,18,0,11.774848828276356,0.7179326909401018,F
0.45770165422942166,19,0.5786288466145237,0.5507511418787671,0.8231306642082997,5358,2649,-4724,27,4,18.817600215508392,0.28360792341713625,M
0.9025667961718704,5,0.4677452102089049,0.4043357633862382,0.827512153606717,59083,2232,-4940,6,1,16.186239065583713,0.32628215156894647,M
0.8013132184907343,0,0.1607467282956977,0.5387997773211815,0.7241704507440819,14714,3594,-1610,24,3,10.254581204793414,0.02075803212396421,F
1.075934016833959,14,0.16221227526316567,0.5771883799883373,0.10562336305089533,24840,2057,-3087,2,2,14.627545788974265,0.7608859776715097,F
0.6194364176781442,9,0.10187151250062261,0.5365495107963788,0.14582420086209869,39395,1416,-1073,15,1,15.57223542798103,0.042739606061951374,M
0.23155367053213186,18,0.8741595105656692,0.45553556220096125,0.28017896181479185,35654,2867,-2409,17,4,6.822358267943679,0.8646523546027457,F
0.8845692659452944,16,0.10420305484670794,0.11173364563701105,0.20507952651592537,30879,3799,-4434,15,0,10.135300798925215,0.1186606144745388,M
0.9368635534785871,4,0.1824749968109959,0.5696493661609208,0.4190688237629836,20996,792,-1065,22,2,23.950882764702293,0.17187651213592425,F
0.7174049173264457,3,0.35167724544752876,0.23475550811417573,0.8380984464702318,42772,3606,-3429,6,1,27.557858944169688,0.4765264708322373,M
0.948063897950017,9,0.745944201453409,0.6140607751577517,0.47764834735759865,31762,919,-283,3,1,11.434028712813685,0.7378804151687424,F
0.6431751560008298,16,0.8696790286112942,0.7074754623382928,0.1107221011457325,18283,3532,-3800,26,1,9.902196184061527,0.1390022051990777,M
0.6750061123201934,9,0.7320108470334848,0.5003562473045932,0.32619655166300965,44420,4123,-591,24,4,6.660717772584593,0.44007107506649845,F
0.5702951201944045,16,0.6524481859565124,0.5338909319837907,0.13567592669836925,24554,2680,-2146,29,4,20.676243890866857,0.4828512744101048,M
0.1279610394185047,19,0.5170405339308556,0.861182847732793,0.12903009809080174,25219,1846,-2105,7,4,10.369891348323781,0.21228564166859132,M
0.21868056969263489,4,0.1693641694897469,0.7777338890980594,0.3205758824764418,39919,3863,-3764,12,3,29.644736633876466,0.11555837668063174,F
0.13457210425540767,1,0.8665366344031443,0.8313892127611759,0.32048987094315634,14429,1905,-4864,12,1,10.444859259854644,0.8364209229856395,F
0.8000514523901583,5,0.7067139311565452,0.7510130306556692,0.7297012820812833,51840,4052,-3971,16,2,12.429945356696216,0.5024656497627655,M
0.4457915791839593,1,0.6111595082674095,0.18713467347738516,0.8798677222248895,49695,4975,-2844,16,4,18.496691690149007,0.014381235984152974,M
0.659427760281173,12,0.7072286764310799,0.21919348477615577,0.39696567511199865,44673,2190,-2406,4,4,24.248844502547843,0.8029813013091038,M
1.0983231213187021,10,0.6792826634185108,0.5212990378151677,0.4431095030888309,24218,1575,-4339,5,1,14.616041295023377,0.9807938054145848,M
0.37422145206376245,10,0.6097852638315895,0.2968557270383986,0.7758315490288171,17452,3043,-2528,18,4,13.257024979879791,0.6059261954142473,F
0.5514212153391926,15,0.8844614401439905,0.48135638003292736,0.31451121607641075,53980,2793,-2323,12,3,29.87349717424944,0.5037083870840707,M
0.9311062523973535,10,0.8226910501088199,0.41549225905468024,0.22510544352275838,23951,656,-2692,24,3,1.304315593058389,0.8784158630449617,M
0.3516779820407847,18,0.6173319352937308,0.5395313907443627,0.7824716987229204,6307,1169,-4914,27,4,26.95689337668613,0.9525167896845986,M
0.1846779008116723,14,0.6545401691655398,0.6975005729086582,0.13720046915205242,19852,1185,-2488,25,1,5.325083952252386,0.7545369159024605,F
0.4187265982051448,15,0.14127664532696801,0.6723927256794195,0.5957595521595326,30232,2301,-2058,13,1,23.79183301005849,0.44545292973428785,M
0.2773434159794048,10,0.6359339716400314,0.5169873059882675,0.5495942779734454,40428,1583,-2227,21,1,18.920015235542643,0.5922213993314405,F
1.1226674175768303,15,0.13533235016808015,0.7579147350536465,0.3767363580013554,48171,919,-2496,3,0,10.91357127944467,0.7009353650179992,F
0.9889324175208585,7,0.5706110055759449,0.44468967323042674,0.3521516168778872,31485,1182,-1690,27,4,26.34237371010953,0.19427357100180143,F
0.7967441321614657,3,0.8994827996526679,0.8173714318720979,0.717486180945297,57882,1096,-3300,6,1,1.3743096114487674,0.44720103221643803,F
1.0586066492064894,7,0.5446452651497438,0.15702421604413114,0.1691396886100372,15238,3942,-1330,7,3,7.574028910172786,0.829821264717285,F
0.9840392845890258,3,0.47856809446506676,0.863728024026646,0.2894274474491083,43975,3725,-2300,24,2,17.439891091236547,0.654725348498443,F
0.3052270647746394,2,0.35028388520447007,0.6237544651450786,0.6859589854704718,57314,1596,-1371,12,2,11.194725541441242,0.4112040672118541,F
1.0818148983389755,2,0.19641806302917156,0.4040596071497643,0.5386564669811394,6140,544,-410,26,1,18.700947364231503,0.6633625340146814,M
0.6932764661072157,17,0.6848189371666253,0.2577233012583019,0.20239056682686912,29842,3195,-3353,5,2,1.6991956088513378,0.11822241207245987,M
0.9881841706804687,18,0.2540792222285043,0.4833465835548799,0.8057084914256482,31421,1229,-1682,5,2,4.377308983969663,0.4014976105648763,F
1.0857004299158424,18,0.1922256169978275,0.25564665854824076,0.4147582772508732,6708,819,-1313,23,0,4.6857909663347375,0.7931285379630564,M
0.44980382246905026,4,0.43741012778441,0.23306528619451372,0.7622947002577383,8630,3512,-4404,27,3,6.489225731564273,0.220508787136648,M
0.22105711698044445,17,0.736273470367278,0.5938814059303794,0.730170412422167,24595,2709,-455,20,3,14.32061178321574,0.1859615075574177,F
0.3507286787961358,9,0.6960516384961764,0.5184677796654278,0.5995403571773824,15485,307,-4516,29,0,22.811732286763565,0.9508186599164314,M
0.5698185674888819,5,0.14390609171717994,0.6360768276887534,0.49558490503607444,33308,2825,-4355,2,0,27.26062629993813,0.2098976295862307,F
0.9998162425147423,0,0.46411494802892495,0.8436847019375914,0.8836406723054056,49789,3723,-1911,27,2,25.225803378243135,0.26091857965016807,M
1.0468036415819777,4,0.5179476608569352,0.5258081706712322,0.21597205790385365,31086,2319,-243,2,4,6.709748281494823,0.969615938904338,F
0.10764734358430977,8,0.6156373205006578,0.5647456426102382,0.6801245820408919,21859,4890,-147,12,2,13.793366014688338,0.7347085702650257,F
0.6618220328353223,11,0.6201338803545825,0.17170107132395368,0.2529525611718312,12684,4582,-616,21,0,6.782936334997515,0.6995965330235282,M
0.5591521034636568,13,0.39175779956584467,0.6741086287269036,0.3706104842658787,30552,3967,-4280,1,3,8.669682683348533,0.8529263838545813,M
0.34431859151780325,1,0.5485417552028112,0.419924165443325,0.3469589946985562,6207,3971,-267,15,2,15.602862463844698,0.11582308223679427,F
0.23185190406705108,16,0.4848495070752692,0.8813801909300631,0.8576287901909784,51099,3101,-4502,21,4,2.9751617169821536,0.7059562365800072,F
0.47137668854399073,13,0.8079986852186248,0.7585392124765282,0.8738849422306202,6960,385,-271,28,2,7.327055558204923,0.5036886093282389,F
1.137200674303771,12,0.5242121061079201,0.5179848324128947,0.24641235538778172,5557,3415,-3327,5,1,28.1259666779064,0.8291506402841399,M
0.45552322522283073,8,0.4528257293985293,0.19857812333773284,0.11762812823800335,34689,4532,-1933,7,2,14.51737248709618,0.5081417186651943,M
0.6706696839177027,14,0.4235883597454806,0.7875326346244713,0.6760064317304905,53651,2768,-4886,22,0,13.916209253358295,0.6202413542689121,M
0.8733208547846956,14,0.5579422075467726,0.7398248763392173,0.4343919470963875,18893,3919,-2021,7,3,1.422447487787088,0.47774212639953595,M
0.49999256261722336,10,0.7431815835207182,0.2476681036296264,0.17107219607005153,37272,1936,-231,29,3,8.174592664692028,0.4781589235558441,F
1.1689602909930568,15,0.5307211923046301,0.3362226313762481,0.647003284461634,5882,3883,-3264,24,0,26.122480643483257,0.7679699780618315,F
1.1586920244363224,16,0.6293241400644332,0.7347258065182699,0.5360844226085598,42529,4309,-1389,5,1,5.774224419501394,0.6285664006472832,F
0.3769605254079006,3,0.69028461352522,0.24818275723792774,0.8844134576008849,43635,3626,-2747,13,0,13.03862324650691,0.6332632016094104,F
0.6469733564816239,0,0.5161344879029856,0.8342019913371018,0.28192759668910317,34535,2518,-2706,2,2,1.4155962701430362,0.4502824838315258,M
0.43096614079844664,7,0.44145364532389153,0.43962194015708955,0.42318230106123866,17869,2517,-1370,9,0,14.871728968446119,0.5311094963375276,F
0.41332454381521433,16,0.8013323022899596,0.1696311700701269,0.5340366427163383,12166,2669,-4854,2,0,1.6096120950602975,0.7457176662047873,F
0.14057564208998607,2,0.4340048672223137,0.7525989148034248,0.7333599907626813,17982,3938,-1018,26,1,24.768677038908194,0.8259409191119182,M
0.7705207673778864,19,0.4695542804604701,0.39880774643071015,0.539070925376047,45697,2803,-1547,11,2,24.920759257126004,0.6965614021440462,M
0.6529469255517475,14,0.8922730506734217,0.5211993553230249,0.5903201286895594,43115,1243,-493,16,4,23.844523460768727,0.9240729888456831,F
0.15662662637498828,14,0.10019001886070766,0.18984347552897535,0.2809176412719526,12269,3137,-2590,26,4,9.217557997842428,0.8203240881472009,M
0.40651111066027257,13,0.248378327661378,0.10206721187598591,0.7775349824708478,33064,2960,-4864,28,3,25.279879328432724,0.5618637898095185,F
1.099092474563319,13,0.4071711119357806,0.6103881646346381,0.44290443757638065,18527,3236,-1640,4,0,16.74694584555281,0.6714060726437369,M
0.3635180797336697,1,0.8460719275402023,0.5121401362669853,0.21276770201741543,7454,4744,-1995,29,3,11.840435157143071,0.926308276921196,M
0.2593843593003454,12,0.15602376459797684,0.5748308552985177,0.6313503316043338,25878,4247,-1448,19,1,19.134568831422758,0.6191680442430584,F
0.6383980363053192,13,0.10758834690279846,0.7349950803044131,0.272872362548246,56098,1976,-4982,24,4,1.357890335750846,0.8248069479798307,M
1.1842154995216607,18,0.14214706878178288,0.617284730738288,0.1780500081914398,17991,1496,-2758,8,0,5.145865450421812,0.6888105035899871,F
0.3662607986626504,6,0.17083472849089454,0.23981875426190175,0.7895895267234179,7808,4405,-4552,29,1,22.526512606937622,0.5519363610604665,M
0.8393491021464663,2,0.1300774185650087,0.38861801528847983,0.46812981159075173,44410,3087,-3052,20,1,8.080686652768437,0.24183819541535312,M
0.9377815768615892,14,0.4838250614852039,0.8247128838302084,0.6994269701566211,41593,1761,-4055,25,0,18.34226440253374,0.4259975194684281,M
0.3614012983916396,13,0.5646057657818622,0.7159557602013432,0.33247004784508405,41304,3618,-764,19,1,12.16797548186786,0.9677428248337157,M
0.9010379834730454,10,0.31734957685520326,0.5453096463493738,0.7295761079341331,35386,966,-3080,6,0,25.78936758517858,0.6577653832726,M
0.5045614459911785,14,0.4186299071805085,0.3045159982474178,0.18954874161722426,53077,2476,-2023,21,0,28.620043873902663,0.5643953803389896,F
0.7955364136529374,12,0.1733594680891441,0.34164840146783604,0.38477869903588224,8802,4043,-812,3,2,26.623377122735523,0.9329566255282273,M
0.7968826818369841,17,0.3690963710627376,0.6855664540685076,0.8824494543788228,33753,900,-985,12,3,8.847979846114303,0.5865117810374487,F
0.6893521524822342,5,0.5180153533076185,0.7809394086822167,0.7351917730944049,26083,2952,-4762,12,1,6.630723202336386,0.526082518417403,M
0.19931874705984914,2,0.6858174457477161,0.6371397356244916,0.4978047442517506,23354,4722,-4796,9,1,14.758611915001314,0.7593108551502052,F
1.0188327451481616,18,0.10267708963438338,0.7476239806147534,0.37182197724950805,27190,4124,-2393,17,2,1.2126903742492279,0.7126656189865445,M
0.45285807146890933,14,0.47384861323012206,0.7133249081603248,0.7977085600179813,11142,4206,-660,16,2,1.7484723930322703,0.19316000840843273,F
0.30517036143983967,4,0.33760230116390577,0.2197631743655662,0.5358782072676126,33398,1279,-1612,19,2,17.045428549067,0.47130827457412117,F
0.1448526557102403,9,0.7822574573535211,0.43915585033064164,0.7067400142952889,56971,2751,-2028,19,4,16.093032720793293,0.47251544281958524,M
0.7499822375070659,6,0.6724426521873935,0.22238704066285014,0.7032861442529312,46862,928,-610,12,4,29.84287768202254,0.37822451524334477,M
0.8453207980265105,16,0.5712868275767159,0.28818846784158786,0.11435654285479346,38132,1929,-2313,16,4,6.8534132255489855,0.5172934821522531,M
0.11824661182064178,6,0.3218125165574189,0.795407699720842,0.20100302623409078,58410,3996,-834,21,0,8.485013945653584,0.4131073977271442,F
0.663302364129209,11,0.8282712816460275,0.4783135725065457,0.6277034931157938,24503,3730,-3652,3,1,4.292678627462314,0.19934548947118313,F
0.3491453527177317,16,0.13608054177625856,0.5282864814741287,0.22929584902869715,53456,3974,-600,0,3,27.608747279958596,0.41236648727468106,M
0.8096900694503948,12,0.18757407894329214,0.2427567721822177,0.30439467572448375,39631,4229,-4184,0,0,23.556526089295073,0.0722769475731766,M
0.2918030719054906,19,0.4133041124322848,0.3498174288390368,0.8573103633596858,21499,3065,-4180,14,1,24.847834232248577,0.5757858627744116,F
0.8600315119127124,3,0.1995500458374851,0.28419693474229596,0.5481458066999295,44852,4669,-4808,12,1,27.180149850970754,0.8536545489411119,F
0.5254088809305911,9,0.8651325580475401,0.26494893161474115,0.7005836055994777,13016,415,-3224,16,2,16.22209961504931,0.7252870843545552,M
1.130402987610408,2,0.7383914577147067,0.6103686346527761,0.5463845910261119,7384,2303,-1355,23,2,14.084602552070987,0.36039404005411124,F
0.2512730385605926,8,0.30718612128145095,0.30550707811657185,0.5420108918261802,20072,992,-376,25,0,10.581352736302879,0.08707120557730819,M
0.47517298615528436,12,0.5708433831785963,0.6056123888163347,0.17532152810055834,41703,3462,-4750,7,2,18.08722381608781,0.20214939922527075,M
0.22482087336464796,17,0.8858644120640653,0.14676369128684313,0.3749305540872825,50895,1405,-3212,17,1,14.174073506904852,0.5454903404948357,M
1.1171629801064191,14,0.8073591825052023,0.2134195148216815,0.3259447189492094,19482,3308,-1300,26,2,14.095402011561678,0.20705708338303286,F
1.065073288719079,3,0.5806387571537585,0.31963220320010033,0.41258269249089063,45510,2461,-2537,12,4,28.170908048203028,0.5439731112849675,F
0.38373579048667117,14,0.8229791737402165,0.5776375335165533,0.7386753505794627,53933,453,-3833,22,2,29.536913914094775,0.23159902476389893,F
0.8259824506375968,1,0.8913479278506872,0.6406729960699008,0.39754613433349195,26826,3999,-1107,13,1,24.098047290557844,0.8489238694760728,F
0.9989444202213373,14,0.6946822583148993,0.45417357342362175,0.4613574553853462,7490,4710,-3904,7,0,22.94598461716092,0.3972714728404597,M
0.7107208927594084,7,0.15198912758631522,0.4566327316617832,0.41790511238825323,51092,4086,-2321,7,3,20.736186691593943,0.24555062594449106,F
0.682615636191607,7,0.42126418914039,0.6796134811188945,0.17472637758023649,30518,1364,-3153,26,2,5.8161707176718975,0.8123261802470616,M
0.36603751999049683,16,0.7702605882265964,0.11265687341246595,0.45285772660062695,29045,4500,-1096,25,1,2.714068805393981,0.34283896480545073,M
0.20241304458648912,11,0.2844553566440152,0.37287201957937643,0.25648741843561207,55876,2213,-4496,14,3,21.03106313828463,0.11148768783878193,M
1.0869373337486594,18,0.7645140142004997,0.7549656456953863,0.24937863661843318,31910,1516,-3379,26,3,22.134800445440703,0.5704094914036416,F
1.0904598628796633,9,0.19627100962799676,0.5825755281706978,0.1752288835474131,29566,2701,-2528,12,4,2.362216741846054,0.5815642044379887,M
0.7964116030005947,8,0.1375562857182504,0.36978170620433637,0.3853367793134118,56919,2072,-2454,6,3,27.913500756636594,0.7146956752357342,M
0.4729327701535707,4,0.40727248919299963,0.8244198338637391,0.7059855078315339,38905,2260,-3613,4,1,3.6430785438956486,0.24021943320838557,F
0.484130532073927,5,0.12938554994129092,0.718098181959506,0.32115335246671683,32103,3080,-2006,16,1,9.29111547936487,0.4437713390922451,M
0.8985512467572632,19,0.8658162103866606,0.31191635778938676,0.34987928150841086,58269,3171,-1184,27,2,20.49930457116243,0.28236791904265623,F
1.0868212859478348,1,0.7609645566351727,0.6162318700205736,0.6141397261379389,41188,960,-4283,24,2,5.926305237729814,0.08095373611568812,F
1.075795066691629,12,0.7406157497039001,0.5766005825511654,0.2566726500695351,10845,2935,-1516,28,2,2.6070607648250883,0.8766138270158916,F
0.9578631004433861,5,0.6038223383969225,0.4209503312311862,0.8175663443388275,26162,2629,-566,15,3,10.603248185760345,0.7288698044883412,M
0.8062348107697165,4,0.27305921842924286,0.39356486336384056,0.5161524186012436,41674,4254,-4342,22,3,23.213175670800194,0.3014630594588007,F
0.19255396149455373,0,0.5146082933411138,0.3748483798205632,0.45808235225617355,57789,2750,-992,1,4,12.996681690572549,0.5993729928719863,F
0.2777915855040751,5,0.5778192579442728,0.5937246267165175,0.5462561535433611,24337,1432,-476,21,2,19.93621473533024,0.20126378813447243,F
1.088409607379787,5,0.5200252006882146,0.4539279491845356,0.23282745073295638,27313,999,-766,17,0,17.80895381961596,0.8902366217957709,F
0.7670719656255488,15,0.3081866943612218,0.7654904906011376,0.590778510911341,31943,2338,-1236,16,4,1.644335978741832,0.1149063433619103,M
0.11011675677829262,3,0.5121983394517807,0.6356820929071695,0.3904805893072084,17413,4947,-2011,29,0,29.667659624325495,0.0038371455078008987,F
0.21161869715263532,10,0.4929490726949013,0.1559452845675473,0.8177490727716952,5276,4800,-363,6,3,2.2014145757622448,0.5020081977391821,M
0.8298519460188613,8,0.8970686206453794,0.6121345790625329,0.2350833653421489,56151,4857,-2896,12,4,29.066279391806066,0.5831278234528693,F
0.10556774223084056,2,0.8179489184369632,0.3169179492001478,0.5056408830923529,22611,2479,-3745,17,4,16.946061172567546,0.5789653202958044,M
0.2768888565592485,18,0.4707045985724959,0.5742495933227382,0.5784901034952145,44105,3138,-2518,28,1,28.93161178488693,0.05451192743782629,F
0.7036071683032447,7,0.5983499063480949,0.6441055448827611,0.126706881429105,16944,1173,-4617,13,3,4.3278543830012275,0.3140438069184325,M
0.8610847174619625,4,0.6982972832737828,0.28466335132320963,0.39095449980491226,57887,383,-2393,29,3,15.221847056379882,0.4991989468413318,F
0.8171573854528604,3,0.12789212818705994,0.4654869159042949,0.6861081877606663,20906,1722,-4807,17,4,5.9156186641157005,0.21657918562724088,M
0.34669624040661573,5,0.815937152982272,0.25225989025525425,0.7563020059591786,54847,2975,-1193,12,3,2.47827143365083,0.8726258854858964,M
0.8833971434822894,1,0.788101453134339,0.14187110062920666,0.3505295958538259,25536,3480,-1281,10,4,18.908344336807037,0.08710928946143404,M
0.3609739962464801,19,0.4659456782189658,0.40278113878869526,0.738874617906201,32810,4616,-2419,20,1,7.025719207889052,0.48738444167204287,F
0.4579396679751945,10,0.4129358128643038,0.3903554174767936,0.8742047016827111,17306,4275,-2435,29,4,18.043213530338832,0.691416057513152,M
0.9211405456298264,3,0.318367499885052,0.8963843925634056,0.7854991488600753,15503,1691,-2237,20,3,4.258569976520583,0.26175110013448244,M
0.814596188951936,14,0.4813414626642948,0.45708188095811375,0.19411519052746018,24225,3518,-2202,15,3,10.62760767154838,0.6242407369975181,M
1.0341457515435957,5,0.13550133082658944,0.36685563957776035,0.6917842656684325,41976,4507,-2661,22,4,23.667344183544166,0.8293851501423746,M
0.8233741815303776,16,0.7817548266776062,0.5643800053733398,0.3557334659524358,16590,914,-1594,16,4,13.674494133423442,0.19033697509504754,F
0.7251394636690187,5,0.12833789473483606,0.1710139152862148,0.8907327915296612,15886,3271,-4269,7,4,19.204617032022753,0.9172205918248628,M
0.2030422446109017,18,0.36324109229589685,0.8693325887638506,0.4882871865279097,17866,3865,-2128,18,2,19.77628028162083,0.553558532662358,M
0.5044873833653768,1,0.845271590655192,0.6079680364728265,0.19794711868715284,6088,3876,-1880,19,3,25.468896275631515,0.29923200430106056,M
0.3917226044498979,14,0.6881701236187622,0.7038702559526783,0.6801484384219126,8363,4870,-220,14,3,10.422761037792597,0.43085827538227073,F
0.3683886077169919,10,0.3251127684620214,0.23638235053913403,0.35840895870897105,37792,570,-823,8,2,20.93157131489301,0.31219188378638796,M
1.17031161022769,7,0.30211927516870807,0.4275822824041632,0.8976625256653293,14764,4366,-2396,19,4,28.886858404338806,0.7251111599333161,M
0.5324074971334364,18,0.10406571185442078,0.4381512907169517,0.8838259662836175,59820,2768,-2618,9,1,22.177056696378173,0.7963006634151322,M
1.0812512106948244,12,0.6565714342798001,0.7574451551208695,0.6249072144164646,25620,1690,-4469,11,4,15.20624382481459,0.832937392318661,M
0.794252488596989,11,0.13902686533853847,0.10098934380752755,0.20386115916137407,47727,3654,-684,20,4,19.290805890265947,0.9857682495857412,F
0.9742924338958131,4,0.5260820155206097,0.34068248668260404,0.6494887981400232,17935,4435,-4366,22,2,22.450804035130137,0.7912842924966835,M
0.6529008024157112,5,0.8696975780736399,0.8849890994754431,0.17442438916802178,13068,3907,-3231,19,3,18.755997205122302,0.6013840706885634,M
0.7345942730889949,3,0.18757508804356313,0.47990923480497494,0.12349132728191387,56387,2883,-1196,29,4,1.4835985912053355,0.3392202983917838,F
0.6417694632007502,18,0.815583944774454,0.4060210241952066,0.7583667569771889,12295,4373,-2630,0,3,6.6484314329295495,0.5445954487107494,F
0.3147672865778489,19,0.8931802681160386,0.19586320161411708,0.2678023581469451,46160,3375,-4998,24,0,24.503578299248513,0.04106817279040542,F
0.8946973267876558,0,0.14921362099138805,0.8793317029024125,0.403221700975278,16390,4206,-4795,19,3,8.906868772062055,0.7448250755299131,M
0.4088495986849413,19,0.806325015309969,0.11602108474065959,0.8787659119809386,46216,589,-865,8,1,22.215301467272884,0.4459555450921018,F
0.12674756307459922,16,0.5128632163548933,0.6897441800057945,0.3694724014888826,25131,2780,-2379,21,1,11.791486242009261,0.02002322973218762,M
0.8100195254978845,11,0.825210975555664,0.7148798438308067,0.33719182502665224,34218,3552,-261,14,4,16.134645516580353,0.06250694151041081,F
0.2948217473477538,14,0.5570551535356593,0.2949253728510933,0.8345663996982202,15433,578,-2110,0,3,2.9712256947627074,0.38746646382175665,M
1.1345044427882056,0,0.6296896080852517,0.6372467548904298,0.1885987562551665,20038,3224,-1807,11,4,6.255541270441577,0.5834215190184351,F
1.149321434702846,13,0.5350231263979194,0.17434331550351195,0.7076659280917055,57327,880,-2334,2,2,28.7587119420578,0.4642039489521267,M
1.1063508292424933,5,0.7915943042458788,0.3056378131456639,0.8904524533222192,33182,553,-1694,10,1,26.814003549960507,0.6192043172921549,F
0.5071745702809888,4,0.6871279351629613,0.730321590633812,0.8210368086197191,16528,4576,-4103,1,4,19.915978216072457,0.4802942587913558,M
0.11700227818175418,10,0.5170082497443319,0.7917489536268322,0.6213343349651408,26281,1124,-3915,15,2,14.329693324186383,0.6617038454813468,M
1.1211504188464978,3,0.7945286432412376,0.5867891301278331,0.35124863599418565,59189,4132,-3721,8,4,20.59707749396149,0.21912606467080087,M
0.5710025631490457,12,0.29622842580426767,0.5054707454563862,0.3034575849426534,53511,999,-4330,14,3,18.93969838372423,0.11284318718362141,M
1.1633203009480364,10,0.2258725277620208,0.22744321649518426,0.755404083897169,13605,1680,-3495,11,3,17.488015412533752,0.59643395462566,M
1.159981974798178,2,0.2283200842640577,0.15048722646332013,0.8038575311613563,39782,4196,-1425,0,3,2.7161350840427128,0.48468951693630746,M
1.038310401014096,0,0.3672071029961903,0.1941192227788469,0.5203479300365543,6381,1973,-186,12,3,19.3512757091837,0.026867654044935296,M
0.4238937812765442,5,0.290952025040814,0.281885840076879,0.2954719526291729,6098,3027,-3045,13,0,23.29868129256388,0.38048188549303585,M
0.5236075014621178,17,0.8440722804077909,0.37333960151753665,0.19035456672893886,24810,3456,-4751,24,2,29.82836798472169,0.10612558549099549,F
1.0362503386685424,9,0.1846672750628672,0.40472762040878985,0.16974357426546494,57807,3688,-3108,24,2,1.3212780252349807,0.5313568317526952,M
0.44861420567190535,4,0.6591925904316701,0.3770574148712028,0.6752619578830845,29322,4607,-1561,7,3,22.17503014600962,0.39577767966043076,M
0.28644202135470176,9,0.25137723182800475,0.2912442657578125,0.43609498227818,46869,683,-3147,7,0,17.581890162143434,0.6131519111030179,F
0.7124813887041851,11,0.8053097062162802,0.5077793974013586,0.8242878994222963,37955,641,-2146,26,3,13.587513106347744,0.8056022187702383,M
1.129770251576859,1,0.8690522305479259,0.7602288865863175,0.691737040581411,49716,2287,-3497,29,0,4.699535062569756,0.2996686838414908,F
0.8656327763424702,12,0.4723760070159869,0.3237628307771834,0.25300833433166936,15207,4359,-1615,11,3,12.86346931041141,0.9621021041650275,M
0.7270672870983014,7,0.8032571841825054,0.8539096152817865,0.5910219350525593,26793,3409,-1429,0,1,11.276938306597923,0.5356345005875744,F
0.20689414314784538,1,0.10411613660377182,0.7986693293790783,0.4484043635185275,7092,4382,-1208,10,1,9.782066780383524,0.618290798754788,F
0.7765079493690866,19,0.7559575339264801,0.2294113690816877,0.5617997846148904,33220,4815,-1574,7,4,22.195509076344024,0.680672373225737,M
1.1890592351146896,0,0.2829001292199388,0.7290207654056756,0.6904552986708137,23514,3098,-4957,9,3,21.32104011724365,0.6667315298575898,F
0.2540924167601764,4,0.8269610474154944,0.5596699058542133,0.7449567048030327,43010,3540,-1388,29,2,18.081582638446434,0.5109707430450621,M
0.6701626176001103,8,0.1008960891840876,0.5532602897371349,0.7749898611253795,13549,2288,-2382,18,4,28.221279585507794,0.4287642911146835,M
1.0651103791207508,16,0.5449453880318056,0.41283421044653956,0.3031798996576198,27031,3714,-322,10,1,11.14577714124478,0.053781964177377906,M
0.9148454795296248,8,0.7053086430279477,0.5009223993456078,0.12489247993388615,10185,2149,-1837,6,3,8.070256193595206,0.02208584530117974,M
0.8667173150947947,10,0.3069506645583264,0.4177430219433689,0.6914357881318185,20271,605,-3712,10,4,20.02119607985359,0.35796119453276465,F
0.8727324923858201,14,0.25450629166983446,0.5317860950079543,0.1850749810046197,10776,3913,-2058,16,3,6.765607767184686,0.33366089063369264,M
0.49544026634173066,5,0.16727857957438774,0.6023600422181087,0.35193567089037414,17449,3049,-4781,0,1,10.135304708319314,0.38769515483900674,F
0.4229510286909427,2,0.3611468612026344,0.6394430451272387,0.10305370729947771,29297,1435,-3075,25,4,7.51347076217166,0.13836820088819002,F
0.9902972710263649,16,0.5478754498470636,0.525984954047541,0.645335585921296,45591,505,-2028,28,1,3.0054534638365356,0.7381682705368436,M
0.9911247341470987,4,0.19267508542420614,0.6771376538629854,0.23370560917697702,20717,4891,-1487,20,0,24.997463507434528,0.856964414776239,M
1.053779550438114,11,0.40135628958943903,0.21302243942040466,0.6242259277533265,45123,3750,-2552,20,1,8.381675744728174,0.938714635374035,M
1.1045646078121183,17,0.10725792372217997,0.26958599272179085,0.8933940937342711,44233,4111,-1529,7,3,14.7177975969476,0.49236230351962584,M
0.6624766387470314,13,0.7549435363998734,0.7549880032594162,0.15813669728801305,50505,3922,-2226,22,2,2.2561429243750464,0.7008656991254286,F
0.6516679241559195,10,0.2027589744745531,0.3580223822771321,0.16166240956116856,55649,3899,-4010,23,1,21.28084452132665,0.8555511234358725,M
0.9781246968634525,8,0.3266743586124653,0.1183150599808962,0.37230407413334,51092,2851,-2054,5,2,10.586269066882434,0.41829111109348593,F
0.8149603238555415,1,0.11474217499057399,0.22303291973442488,0.7931092114010737,15350,4608,-3188,21,0,22.59736510704709,0.3094127948704444,M
0.8721635649834736,11,0.4457926271140099,0.27889154759704904,0.2724238950330655,35622,609,-4197,17,4,12.959688753568118,0.9367245558534901,M
0.975371936379711,2,0.7720972021929751,0.8658583103156697,0.38830225594427803,40323,3008,-4511,5,4,6.676912585763114,0.5156765510770731,M
1.0790058759993228,2,0.4137209691561573,0.5584331431446795,0.15480432530158367,59561,2291,-1444,4,2,15.882077386179041,0.497253886590878,M
0.4717946725366894,0,0.24359785873906672,0.8461845923810039,0.7105242330071115,7951,571,-3507,12,4,4.784632229485753,0.17841609656349577,F
0.5131412479039383,7,0.7029590672404153,0.5601306803973,0.4266450742075609,22622,3942,-1355,18,1,13.775635636316848,0.10815501457335674,F
0.2033801338249559,7,0.7310455854965955,0.4834835521102815,0.7073989864486743,9727,4386,-2109,21,2,10.20185884519411,0.8421068624835116,M
0.7361081550957913,10,0.23900278024605345,0.3509821529552769,0.8228862754774361,58117,2122,-3295,7,3,27.446827941789362,0.6141331761875181,F
0.1395365011764163,8,0.7166832868327918,0.5850967555467005,0.286210517681031,43454,3573,-1484,8,1,2.7669329299008787,0.3258245840194487,F
0.6121578199457061,4,0.8578383106050704,0.21135841969402389,0.745916824271961,41469,4838,-1660,16,1,21.12650500906652,0.19173621739026647,M
0.6969090981783342,13,0.23310206954581789,0.8186093018341648,0.14727511206260263,40548,4649,-4947,2,1,6.299783813635641,0.5554972801696314,M
0.4151953773411128,2,0.7167874340257084,0.7634659241130269,0.8190779105441979,28782,820,-2425,18,3,10.252307155634956,0.5839192892611353,F
0.7499165866259118,4,0.6668576036821035,0.3540251583013897,0.6206148380469979,55740,1276,-1409,10,0,13.049907828799913,0.20699360124505817,F
0.13355027493295438,4,0.47885911074807086,0.8622380220810355,0.7993813793106813,33454,4022,-4385,23,4,27.332437591874253,0.8514057478914739,F
0.14108300762413586,18,0.14633636844703865,0.7601606139324545,0.10015071964526552,7368,3851,-4046,16,2,8.034769716140929,0.08426436615585109,F
1.004860616725624,13,0.15975553420628322,0.6330455086680318,0.23526485628479402,20592,4405,-2567,20,0,3.6479552737954366,0.3560930851664217,M
0.4962097055523892,3,0.7819317273589181,0.19740952890021984,0.41180750994119364,27173,3073,-3371,18,2,10.241998515725184,0.6803844137625221,M
0.23976656391707324,12,0.8921186982005177,0.48258721843845787,0.4036023226997749,38204,2852,-2219,1,4,4.035603145530467,0.2741203638192007,F
0.6744675860602847,9,0.6408418057494035,0.5048860438774007,0.2813843063388085,40596,3132,-4351,7,3,4.729298092856023,0.8276751947812718,M
0.9469929084084718,17,0.4567666456082572,0.2860410866923041,0.40528955189376015,39324,4207,-2653,18,1,17.641667341275774,0.7398678266004035,F
0.33740313024652746,7,0.6180589147215261,0.16397231548744157,0.20307896960020388,51132,452,-510,6,1,2.766156059885306,0.7890228445481342,F
0.7851795234009001,7,0.5755166873828362,0.7213789043773542,0.4302089034128208,28864,3264,-1722,27,3,1.896995560413415,0.11910653587671627,M
0.19388221149314477,6,0.4068898083244975,0.19762804169951603,0.7418834633274114,52829,3216,-2360,26,0,21.718008942644435,0.14054712799554292,F
0.15684989328546847,7,0.15250091565921037,0.5754326004494198,0.48325605048268094,35750,3100,-1199,16,0,11.487765750390292,0.2864737377445836,F
0.6844900947249627,13,0.7572103579259528,0.8491593391069284,0.114400071156172,15576,2052,-2439,5,2,4.635885127782325,0.5180771651975611,M
0.6946986337711171,18,0.3974668233909797,0.800884154078434,0.437155233263398,21566,2910,-1751,18,3,8.354770354931539,0.7480160766994024,M
0.8011728916480271,5,0.755028514685675,0.3222020989994089,0.12174001287267533,12190,4175,-4630,23,0,19.62050871321957,0.8365308907609035,F
0.8987004670949276,0,0.3020069997507058,0.7811589100410122,0.8729947285654386,28071,1404,-4143,5,3,8.990560447084684,0.7043353159571805,F
1.173437287408788,14,0.10082358387650672,0.10026600489639154,0.20196316753829519,43333,2836,-114,27,4,15.34111262849183,0.9285968815306384,M
0.6679303831313147,0,0.22715062662140523,0.11415024769060578,0.6661506610644949,20369,4499,-247,1,1,4.529163895073497,0.7387435096159303,F
0.45525212023537054,16,0.4748315334148675,0.5820425310742919,0.8782210583136687,29035,4154,-4617,5,1,18.054715490557964,0.3062678870046147,F
0.9747048142455739,0,0.8554429079662639,0.3918385753156236,0.7608312413332575,59727,3794,-1123,22,1,10.166252831454658,0.2650812843385726,M
0.3979154763882816,14,0.1817548957549752,0.40916867292731773,0.6594523001009629,6589,2214,-2448,4,3,19.18208460133278,0.6961924503010899,M
0.5828685627761997,1,0.7833678195692528,0.551552872543106,0.7715687276006136,30235,3372,-666,18,3,24.443451586816664,0.19287056868961427,M
0.18630201947649255,13,0.5216192769694897,0.2534259644734885,0.8854389546085021,5159,1306,-710,19,2,18.73774616230978,0.09271481081026989,M
0.12788581775700325,7,0.7607366126399173,0.2694042805323827,0.5970755978028237,17145,706,-2275,3,1,9.5766793152556,0.5322228748561939,M
1.1589132561457176,7,0.3386995447919941,0.48768126961509173,0.5473478454634612,20373,466,-966,21,2,8.416567344900711,0.8216415697789553,M
1.0195781325634263,18,0.7719577317379775,0.7034028354750904,0.6025904883706251,36921,808,-1707,25,1,10.495207803269992,0.10137984246986353,F
0.8655716267030676,6,0.7182582240134436,0.5955982011260702,0.526140709409244,44323,1961,-749,16,2,5.773994883858641,0.7918913237957292,F
0.5498482388556968,18,0.28404294642514716,0.33788403858947114,0.608071284727775,21237,3964,-1012,10,2,6.253983674650582,0.8115720043515481,M
0.29062375207793034,5,0.20506810112750246,0.444269742007137,0.45987376637804744,46971,3789,-4078,3,4,23.93004195510487,0.48227400008154353,M
0.2720807469381946,5,0.7944434580258343,0.23653180683999875,0.2747545463066457,13244,980,-2085,25,2,12.157244718715905,0.05731031001048681,F
0.37526718798105485,2,0.8705893227521055,0.15970385146966537,0.1961977812093405,19743,2824,-2050,12,3,13.64386023654699,0.1745898512471864,F
0.7041493311767324,6,0.12504185099801302,0.7261568325953194,0.15467274842580833,36566,2420,-1954,19,2,18.227434501437525,0.7074262751619323,F
0.8860555149700684,18,0.6850160535789485,0.3123099273505557,0.3106526270025601,51101,4977,-4026,25,1,18.099951359394883,0.7117779449909495,M
0.8262171143895043,7,0.8276196087582547,0.24221311028099857,0.13689885146858707,51109,4657,-3770,16,2,2.953929274135846,0.8983552751676653,M
0.4079272866405371,9,0.7858880736739989,0.6532944444554555,0.5537366239355085,23691,1663,-2565,8,0,25.114682803792302,0.5826861465545828,F
1.1503518087295135,19,0.8716163778161669,0.5944413394297489,0.3270627576188162,38996,1631,-3186,3,1,6.142470043494243,0.1241073677137774,M
0.9116866083653452,14,0.7080752627504777,0.6065517008107713,0.7596278464696258,10590,2592,-2066,22,0,21.969077445440398,0.12141490550497214,M
0.7097894577625407,14,0.45383900990472825,0.2831156838772909,0.15939269839070916,10585,1838,-3637,27,1,23.40745865571683,0.7211323573568237,M
0.7728928208577873,0,0.3495615923961044,0.2861164308501448,0.28108119547318877,14227,3708,-1060,13,3,21.732086488648097,0.18378466510790115,F
0.5615600686705688,19,0.35659419235050194,0.2766421038285113,0.6841969176721168,33278,860,-4797,18,3,17.79035175007021,0.32838549961660535,F
0.37250408845127314,6,0.6795381380912936,0.23900207652983563,0.5790466371067932,43814,1399,-4840,25,3,1.423660916157603,0.4872120069219139,M
0.49156994651638775,3,0.6966696096247714,0.6245789380493251,0.15159301699933403,17237,2203,-513,27,0,11.45088927853195,0.0247648775761512,M
0.933630721510806,5,0.26028731483897016,0.7784127081995211,0.8017915657297604,20649,474,-4232,2,4,18.540343451514854,0.24881902701993186,M
0.11583283749273146,0,0.7944982507924249,0.6794539757413289,0.8018094102609437,42713,2456,-1252,13,1,12.236087581753623,0.40788960850728007,M
0.22767990455760784,4,0.6719392321617981,0.7336749070084346,0.36432640310061915,12927,2530,-2419,7,3,26.04091695247158,0.27963631849320625,M
0.15060290622392802,0,0.5502002290747061,0.42383874326815985,0.3723246746796518,50409,4587,-3907,23,1,9.955265985138846,0.13637032746756583,F
0.14480168255086714,3,0.47722596808201023,0.6232606362975985,0.8912226866801392,53766,4460,-500,26,0,9.512508981301153,0.7280122577961974,M
1.0410066424121078,1,0.5345862446319666,0.3833889923558197,0.6009409372745106,51154,4220,-4393,27,4,8.71393309968708,0.8131476551679849,M
0.8740236453180259,9,0.22739659062341158,0.520403697574912,0.5250532164544474,12016,1797,-3460,0,0,10.65064519986307,0.25747897614372484,M
0.6215912119960576,4,0.26296099942101936,0.48530787722788993,0.7705217468415396,19027,4154,-2125,9,1,17.164743965111427,0.7744194946063033,F
0.20761757671610162,9,0.17293159232495336,0.24150971611508354,0.32823227068585314,53688,3471,-1809,17,4,21.503443533905134,0.38555356440131383,F
0.6407774626285155,0,0.22292643052889016,0.40966300826850466,0.44334607471708554,29142,1867,-3163,15,4,20.214469614424768,0.5066857908540028,M
0.6208189478586221,5,0.4629549076842262,0.8710578203858809,0.31422134039066735,51520,1451,-4311,7,0,24.42381677946291,0.8560010748931528,F
0.2905220569010167,12,0.524283514982605,0.29886420617195364,0.7313286772709852,59238,668,-1241,0,3,26.69150586942532,0.7499536818024078,F
0.5772368141617703,14,0.11428951398265551,0.20704298902359097,0.5586794765081744,28545,342,-2051,11,1,24.666292227957186,0.8051168513161777,F
0.5383552078371108,3,0.737438262291222,0.4348644972991482,0.6270600561120564,56036,2207,-2897,7,2,1.5494166978562827,0.13684516658635681,F
0.777435107857438,12,0.33533437867478233,0.7322701886881186,0.30184579987152527,36897,3790,-4635,23,2,22.341620653007674,0.06971942583372948,F
0.7986030159544081,19,0.8294688279679289,0.5657185838239779,0.27618024110185213,55961,2835,-1425,15,0,7.043587634931617,0.8934047290879871,F
0.14983441074924897,14,0.8740090108910222,0.6447798617905957,0.49069970318635103,8167,4473,-450,17,1,4.854913238531497,0.38783426957109435,M
0.5120738760891183,7,0.24836709974132348,0.2517558785397418,0.6900525992742614,49757,3173,-801,3,1,19.51617475917493,0.28787967806968084,F
0.7884459072856599,4,0.4696778326125285,0.5951585544061773,0.5201918060161281,31917,2124,-828,5,0,10.272552666823152,0.7246962542618245,F
0.6534498844380964,14,0.10098546813314072,0.35880031592917905,0.12611654203653488,27736,1593,-675,11,1,2.6563977377428545,0.8364155965798566,M
1.0421388253071544,3,0.5786618120979415,0.767442692763814,0.794841205056231,32990,3686,-2622,26,3,4.991262297552479,0.8624896218983009,M
0.8245629947808394,11,0.585845158610137,0.6034390448085889,0.15174951481210527,19087,3272,-3795,8,0,1.0269530892288707,0.31599714112522737,M
0.27922786978957265,12,0.29803196448270014,0.25908502222023677,0.8646595869766018,27440,4222,-1161,14,3,27.193485192996512,0.852212391201674,M
0.17762562214047284,1,0.5467301380665583,0.15169334387526892,0.12011356662181819,40205,1292,-2265,15,1,1.713921531395919,0.04093394437434539,F
0.806661206026947,18,0.28043211395498835,0.1341065674296262,0.655560364904567,20275,2686,-1653,23,0,7.074217315775821,0.049661491459718876,F
0.129162441595784,18,0.22866037526255206,0.3971268541201126,0.16576565096942533,10276,2540,-3325,11,1,13.071620639949312,0.6235191951741544,F
0.7443531394008095,3,0.6212155734418118,0.31268090932345083,0.8285412635481116,46627,1776,-4702,23,0,11.340568452573754,0.06310636911554623,F
1.1342532655674533,3,0.3607403711616599,0.6168720987700065,0.4715465889804342,45586,3707,-4044,22,1,27.440050430470496,0.3246091685101615,M
0.7330215956634668,10,0.572211151108498,0.49946706798289464,0.21001901985361232,42496,689,-3886,13,3,2.1683794263017213,0.672755986246924,F
0.5269869188271741,4,0.44659739917732455,0.3128154224043046,0.3726525598318773,24008,1299,-2495,12,3,15.854226522634496,0.33726689605422633,F
0.8076170402865884,19,0.8874811259223232,0.2193902223601409,0.23185974027740963,10738,4920,-3526,24,1,20.733904413206844,0.17959978144009592,M
0.6040781795406682,10,0.21966451413405264,0.2017598101499597,0.23646552924567202,37402,2155,-540,1,0,28.019241236753896,0.28135062185384163,F
0.7001784682475284,9,0.4716788773086481,0.7917283137123342,0.8584866561371538,58384,958,-554,2,2,18.990766311587908,0.4575753322504318,F
1.1356112896541777,7,0.6443653010874602,0.2947823747238938,0.4561968898278306,10793,3063,-1274,25,3,24.30890184434112,0.4753858553554824,F
0.5247129015808516,5,0.41643606710397496,0.6213685183287747,0.7310418111242877,42291,3963,-1529,23,3,3.4280231975151034,0.783000231347202,F
1.1573096202063056,5,0.8797598814965519,0.748548742389013,0.6116844489421455,10571,1781,-2172,29,2,12.192245817170893,0.7501532294315125,M
1.09588570615167,7,0.6775101023415481,0.5912650489477889,0.6411410898707138,36331,4031,-2150,21,1,11.844466899892957,0.4568178045561352,M
0.31537024826822607,14,0.6255870860515944,0.7876521853175567,0.20535475077763082,21209,751,-2494,9,0,26.70235827721581,0.8456673490987714,M
0.176297430962682,13,0.7056474140889787,0.4139149772227796,0.28734755745238855,53014,2775,-1230,8,1,5.389763966634973,0.11423713859139584,M
0.2108558015151693,10,0.8621189104309737,0.8649777525191586,0.7294002681235495,30394,3522,-2036,25,4,5.404698997762278,0.2553533502289015,M
0.1200440082167047,11,0.8262549223877121,0.20651600334247755,0.8766129651798263,48148,1837,-406,19,3,10.528186346688155,0.8279764635022515,F
0.20388725683152123,12,0.6794282465011295,0.18171962372603048,0.3101405140789214,30682,3393,-4051,7,4,2.57951537363829,0.3779940386261531,F
0.8513074507579924,7,0.6993293112810265,0.6269537169659548,0.31725501180083193,7224,1182,-397,9,3,6.291283178922211,0.9811815587938422,M
0.17830751330625189,17,0.21673765922811639,0.8542649131306094,0.47831770624872394,46157,4708,-2150,18,3,28.99107951782632,0.4662532815278354,M
0.45087319332313736,0,0.18223392359413257,0.7471067693090625,0.8870722502843503,53695,4368,-4835,2,4,13.417334256148013,0.7919356229637641,M
1.0293628420663998,14,0.5567236014753315,0.16113348755044116,0.3151671566611769,49452,2866,-1514,23,4,19.328557044250655,0.40230704138237194,F
0.12559912930940845,7,0.114694109552432,0.3234941711477731,0.4255775277074111,48408,3577,-2491,4,1,22.057226520994472,0.4249535190624304,M
0.9959153308478292,10,0.48588510524127326,0.8442551078702589,0.8131840124988055,37441,674,-4081,2,4,11.641880803208814,0.3828831472841835,F
0.4100402522507399,11,0.2682796639350949,0.3024467462406276,0.1023368260970896,46430,4846,-4887,25,1,5.269585157904992,0.7190756205108118,F
0.22998131038382186,11,0.37681325411587163,0.7249363390295355,0.13181277199085564,44129,3997,-1496,26,1,6.990849470431644,0.5475178840599945,F
0.8664108819005656,3,0.7206437886343648,0.7601057567429631,0.5832573416569754,39716,3362,-4009,15,1,10.084727820837701,0.9437781113683691,F
0.7918371314578723,15,0.8529900033859092,0.49636168276878545,0.8259041317702777,49859,4990,-1161,16,3,19.445984190214546,0.25089031653410476,M
1.0652192148797581,3,0.15793301771707322,0.4090791278786524,0.2910853283215421,31586,3550,-3742,14,3,12.550135923582578,0.10056273208344435,F
0.9085781481842742,4,0.5273937647811561,0.4600995459358077,0.47571341974456727,49760,4895,-1574,2,4,1.1976262391037156,0.3932614850992152,F
0.9838290234233333,4,0.80602678865568,0.2815717554922913,0.46037224132625465,28478,4859,-4486,11,3,16.178808366956684,0.616712707646776,M
0.41023802982843716,7,0.16600682755233703,0.8115127329030755,0.4783770768764082,11318,412,-196,8,4,27.72388836531512,0.860798936915495,F
0.29518349815769507,9,0.7596112375174671,0.46049572538380634,0.5980157565837961,33694,3497,-1804,20,3,24.550250719251693,0.34619688668032766,F
0.925676226804944,16,0.3862410807426171,0.8059675523648798,0.475795010392547,25180,2678,-566,11,0,24.931129766529303,0.6537867511244616,F
0.9875182131939902,8,0.35767576177546834,0.18455478392501928,0.4579745130579663,17180,2224,-2416,25,0,24.056682510577804,0.35019868102321905,M
1.1895556562007406,18,0.8819731090518287,0.8906202168001051,0.47943073634500843,38002,439,-4933,14,4,10.388193942702285,0.6172195829944581,F
0.5538794446025691,13,0.2606872718898353,0.45461846995489463,0.5726939530168332,20372,1724,-3404,1,3,23.190621178877368,0.8848079470306509,F
0.5092198943720615,7,0.6545551526581448,0.1382646563152844,0.5296059906810867,34796,3249,-522,22,3,5.151679376524597,0.23135764225940902,M
0.9540542568161964,8,0.7571525824078932,0.13041747858996394,0.7833087981204034,57759,3468,-4982,17,1,20.073768271002653,0.40424164210703917,M
0.47488389427831956,10,0.13294679622341735,0.6969658059854709,0.1395974827949333,29427,816,-2270,19,2,19.60548843386484,0.9932651964297465,F
1.123833058163921,0,0.6363083666835297,0.6272284273629446,0.76665365717841,38290,2916,-1479,11,4,1.7415241736023055,0.8685570282494608,F
1.0442540270273128,13,0.8612399794842616,0.74170444650207,0.7751396900893792,33099,1187,-4428,22,2,23.851133874137016,0.564639857896202,M
0.5718934301125201,4,0.1993759733824475,0.18429402716224477,0.3279264172247687,50486,3404,-2742,3,2,27.194195047758786,0.5166275918542753,F
0.925958174570647,13,0.8169770421480307,0.1284566936284387,0.4702815640126805,59040,349,-2098,22,4,8.755043075691123,0.284600382304681,M
0.9299971614931505,3,0.5758213099015489,0.5068634315580628,0.45083079082994837,14821,4251,-4350,15,3,24.559331001398377,0.5172094276935294,F
0.21343625571952585,0,0.5932836654899792,0.4100761851862157,0.2748078674833042,10832,3860,-2413,22,4,3.389773183996498,0.8481814982799472,M
1.0928081973475232,18,0.5903553398924848,0.46955754933676463,0.41743747766905315,17820,318,-1738,15,2,18.399067889570915,0.6851745132777806,F
0.6557776096926428,7,0.3390687090698511,0.8932707270962192,0.13551021773668356,21211,1773,-3662,0,3,15.083759094694038,0.2900440281779866,M
1.0091032127185158,14,0.8481614522395677,0.8765999661365361,0.32225765822538754,44890,4361,-1366,21,0,16.831782465961,0.20146392105353295,M
0.4520545611336729,14,0.857880370104831,0.8538523117385542,0.7533457403605744,10842,2906,-2173,24,4,27.85995085464601,0.2652085369968291,M
1.0850755513458203,8,0.6002437281711582,0.7270741414141391,0.32764984141031805,6316,751,-2783,1,4,26.26814217015875,0.16975920139282652,M
0.5281218466075793,8,0.7267381807532918,0.38387308820551236,0.754565334998598,50968,4065,-1461,29,3,23.767426059952953,0.09564069602371594,M
0.1119214166283282,9,0.5898063887049264,0.4297047442102173,0.5252795716835447,22508,2738,-3963,2,0,8.937255272672758,0.419136174442055,F
1.09592017406119,19,0.4875187580592325,0.5396928349751396,0.803890141888928,27005,4610,-617,25,0,27.442740231896657,0.1132996043982677,F
0.2004153444647469,8,0.6286560946394005,0.764427565123872,0.5598236434115321,59575,1849,-1022,20,3,3.8277230814523824,0.17191255772710434,M
0.45124500134945633,2,0.5424011620735668,0.15497026601461422,0.12373457845179187,20206,3774,-2039,24,1,25.746547280204847,0.5473246843394861,F
1.1450681637558853,19,0.5779806901055441,0.43943750870791054,0.6403361660376714,23971,427,-1774,19,4,10.516642098254625,0.16459927369957472,F
1.1456678616313116,10,0.7270660427350896,0.16609413076741497,0.13588285441885495,30599,3061,-3902,16,4,2.5593970381975177,0.06387976743090285,F
0.7307816769356146,5,0.48472306515918795,0.5117260692588093,0.4604776151865072,27056,4756,-2676,19,2,20.4113525429817,0.3173888500278852,F
0.795020933386779,1,0.1326032848739782,0.8191206592049883,0.8435413555784912,6378,4964,-4061,21,3,7.707117921162708,0.22031909862196752,F
0.5932900741761516,6,0.2311995847915978,0.7259879396511504,0.23216315147028013,57526,1715,-1284,20,2,8.063562650074326,0.5153051879943767,F
0.422531848867871,17,0.4508857731916307,0.28227393403448797,0.4118978823532353,6519,501,-1586,29,2,9.875367820634374,0.10236708458320931,M
0.4615309999069075,1,0.6798612478992466,0.880792679679034,0.6838882470787827,27161,2669,-3552,28,0,2.8468582575729853,0.7517707876829781,F
0.8397703016847421,16,0.574622918648143,0.6338803184371427,0.8058068448758781,45703,817,-4430,0,4,6.136687181749367,0.9062335194351386,F
0.9276119823814479,10,0.6202353486987631,0.10834215951792246,0.6367544037940063,43861,1641,-2096,19,2,1.1490491999812487,0.7434351739561944,F
0.9707369480984332,11,0.48342314286102983,0.3043307877481756,0.30653860335293537,10355,2288,-2495,5,0,13.916876112067817,0.5328270374013943,M
0.9685799570740091,18,0.5925936175537942,0.30857063993593326,0.639686282332973,59120,3845,-4083,28,3,3.4434059451211674,0.8606678217888851,F
0.2003267133535594,6,0.36321395025172976,0.15540344502868797,0.337382112883272,14083,4820,-3126,14,2,20.79692554628177,0.6949183797815075,F
0.6438623351728395,19,0.4761460741573321,0.8678612144607433,0.6747433838549882,43342,4102,-3322,25,4,7.833062684557803,0.010551122450189854,F
0.1633146360183087,5,0.6954232524759645,0.48260423566073907,0.8632265020680324,25456,3575,-4385,25,2,28.363650177020137,0.3940901527745031,M
0.7044817705561089,0,0.7974662231784969,0.8166516778975056,0.6771147608850306,18324,3954,-499,13,3,26.266297194560924,0.8509518994068,F
0.5856835515107147,16,0.44692426716511113,0.35777240275570266,0.7903044023299299,7257,2734,-3251,19,2,9.393785954078039,0.3458588579752693,M
1.0764746010341297,10,0.13492932616588896,0.2001868563462617,0.10168307454070674,32364,507,-1175,14,4,23.713248185043682,0.0352151735255235,F
0.48600651380728654,17,0.22933803531744212,0.4794688879249711,0.6740576997852755,29972,2933,-812,13,0,24.294102235279382,0.7461796385522723,M
0.22877371807036645,16,0.11668891143323049,0.19116530777145374,0.7636700454922003,51179,4417,-2523,24,4,29.610330309317902,0.8020382702828686,M
0.25729085025811943,6,0.6226104153898641,0.48881240238203194,0.13244699003574514,31654,453,-251,20,0,18.337359618524864,0.16059369504330856,M
0.9376616948892194,16,0.3658517002840872,0.8362377449755262,0.7972781818305845,20233,3666,-1495,23,1,3.3770063046662036,0.5373404968431812,F
0.7800398696478871,19,0.533982908575494,0.5166145134673702,0.3053553826480367,20887,4614,-1525,24,4,19.758279638865048,0.19195543899572576,M
0.21123494373506926,8,0.49462147742703966,0.5931997815160668,0.6322336815824442,34320,1818,-471,25,4,19.124412702905023,0.7192344190441468,M
0.19251748672649716,16,0.16522119164194138,0.22531074957904665,0.7402839032187253,25808,2900,-3865,4,3,19.51216674519252,0.27155045517748566,M
0.8710660446050319,19,0.42260908889906545,0.1349885007039756,0.6301316104474843,57389,2495,-1000,5,2,9.907223795022134,0.31621512256333006,M
0.18003930700061288,7,0.2764488999378586,0.18864636974384563,0.1738278336586058,35154,4798,-4626,16,0,25.930707967329656,0.8449708536401014,F
1.0040460652193917,16,0.43471983093412214,0.5788252605474925,0.5770572150882947,58045,4991,-4794,10,0,28.824693305706944,0.47632235220690433,F
0.8768664498721457,6,0.26286262427379414,0.17600935919384375,0.5396669253777149,39773,3854,-125,15,3,7.3136628763663944,0.6697544512182478,F
0.18948365870608974,0,0.7723619250215469,0.40079431195304915,0.8202570144594172,56168,2714,-3681,11,3,3.556412585962689,0.40237305072246765,F
0.1933214854937111,12,0.23935466926260293,0.5400735523665249,0.42339178371536734,32747,3149,-3859,14,2,6.641515961886038,0.2980068571937554,M
1.185303536351293,18,0.8686244411895816,0.4109222389038777,0.35686487766964015,15860,2042,-373,22,2,24.796012038415846,0.6254780604246614,F
0.5116978753317323,18,0.4327258929175527,0.23094704117224119,0.699880611549173,47838,1606,-2310,3,4,20.622694409775576,0.15485757407882128,M
0.50770636177358,16,0.7769962336152395,0.31903304601128524,0.4301402608667173,47156,4149,-1745,26,1,19.445372927834672,0.372999835566863,F
0.9940795239832527,12,0.603011854564756,0.8426540262788617,0.6168769400040504,23156,4468,-4911,17,2,12.65200091817331,0.20903703738592228,F
1.1419734351222446,15,0.6882802389326022,0.6407858204690843,0.6171600720996856,25360,4876,-892,20,3,17.757011173831636,0.6957949669407455,F
1.184601170205158,7,0.7141791104534242,0.4968382709439093,0.8104312514880943,23135,4955,-1980,27,2,9.928349632956655,0.9442088383461076,M
0.9287160037848357,18,0.5038759055144143,0.11017191198951481,0.5789539218552779,30351,4495,-3143,2,0,14.838802303120877,0.9955109680158664,F
0.5138855440840073,17,0.5346404186906307,0.8939323203915762,0.5017228879695895,35499,2855,-4196,21,1,23.99882782274902,0.45027681044159074,F
0.19185078836853564,0,0.51119669424698,0.6371639479157146,0.2110970611172136,52377,2605,-4056,7,4,29.456006326208403,0.2525303896364445,F
0.9548616075201803,13,0.5704467024720634,0.353537981875956,0.1925900853429643,28554,4808,-2211,22,0,28.042178784104255,0.44282937038432413,M
0.7142446747093855,18,0.12351555660520584,0.8034149279982706,0.2234572522264635,54131,1388,-1125,2,0,28.082112342541215,0.8472694099627238,F
0.5666442101716739,14,0.4164121358792122,0.3067452962334545,0.23747878506167563,24604,2942,-3390,7,1,12.66448831056626,0.20600567855203988,F
1.0969898236042095,17,0.5849509708489372,0.5352132633462013,0.6103016741309071,21923,1477,-2077,17,4,14.594906534696937,0.9520956516529238,M
0.22231723053676647,1,0.5781788522046915,0.60885661098386,0.6927850002196628,52591,3294,-1118,9,3,21.463426494700464,0.341865768798151,M
0.6418876147199449,16,0.7343648756845053,0.2768506971629828,0.523993218341135,55613,859,-1779,24,4,27.74356591348724,0.9858036594503049,F
0.11248900924416098,17,0.6240074710656869,0.8827178230404767,0.7632141860363929,59336,3264,-609,19,2,5.117833521210455,0.8386088875339622,F
0.6155267061935388,5,0.8937066530725379,0.698553524783198,0.8930105813869066,13547,1571,-265,16,0,9.823014050988677,0.8085705341473903,F
0.1619336032500211,18,0.32708362288691606,0.546250580408856,0.7560101032954848,49283,2113,-2613,7,2,5.038158493229176,0.3179046737732836,M
0.2306997078948791,3,0.38732082373298515,0.24447567854024072,0.6559058989407673,38002,3215,-277,22,3,18.748247368824202,0.008777211947929464,M
0.22927887145481535,0,0.40707772149423704,0.14308656559842092,0.5259941595497173,19562,909,-4059,10,2,9.882728909738589,0.3821329088259878,M
0.8141313323276698,7,0.47265024561619884,0.35604786601678684,0.4590824573397666,55700,2761,-2434,28,4,10.45712772286463,0.30180936966269367,F
0.9206493671919656,6,0.7687984510249676,0.7025498687307222,0.16751390443563388,12480,4420,-4025,4,2,3.056562825151398,0.03739699040879729,M
0.7417056416068755,2,0.28863367516736793,0.31546503864162007,0.4194949987157528,31672,583,-4046,25,3,11.144085792420166,0.5053652565059297,F
1.1583898033219961,9,0.7208001656283436,0.5316449763964041,0.8281077094257074,9213,3228,-3738,12,3,26.012398714645975,0.4030313112827366,M
0.5123576374760744,9,0.42424814646859477,0.6823577413845945,0.7464181039252423,15293,4696,-4057,20,3,7.759111544834214,0.6345564677415247,M
0.4142832949100468,18,0.5814843069296068,0.1863549717171715,0.2728410920093498,39441,1391,-2798,22,4,21.160436520091903,0.6211863221940832,M
1.0554590410084062,13,0.6060324265810448,0.6482384128926987,0.47328622775777274,7100,1116,-1673,4,3,19.259222003219186,0.12074663589668011,F
0.34595542237139787,1,0.39827890975114755,0.17349671016803575,0.7533785620468357,49617,382,-726,23,0,26.041053642704345,0.9769655461266226,F
1.1595447933846723,0,0.5100921641646442,0.8721037937015973,0.15390764382841804,33172,2220,-2741,26,3,4.836350481880109,0.18693142944144692,F
0.11336992215879799,17,0.43042493971815765,0.49071530405195174,0.4099140685349275,25132,3791,-3172,12,2,29.350108850006254,0.44527402476470457,F
1.1668667093784029,6,0.15530622894929558,0.2205408861679019,0.7814729894991581,57325,3444,-3743,5,2,17.8962307351706,0.4881175434337349,M
0.14747590314563372,7,0.44973231105346123,0.3739069088268372,0.423118291336099,23199,2393,-4536,28,2,29.868750418057616,0.8130627972141201,F
1.080257425067878,0,0.17791471404284176,0.43073315943620916,0.1620917157851527,41609,475,-1706,4,4,27.433927050109673,0.09922959609464677,M
0.6804712199949298,2,0.42401663926425726,0.7065480088612299,0.5340274948258011,47965,3004,-3770,8,2,7.424000891280068,0.42864427920853176,F
1.1922612757312303,7,0.5743347198654255,0.6947390288612875,0.7893939959346363,13016,669,-2346,26,4,2.6286982871960802,0.6285021702362039,F
0.18117622120893873,14,0.5635319194748006,0.5895524042698649,0.5722284343625278,44779,2118,-4116,15,4,8.413533720065484,0.21515562162405555,M
0.7092397128414528,4,0.6300970232066563,0.18474457004679437,0.2810232865713854,42261,2401,-1195,1,3,16.299345820983177,0.6274678987660728,M
1.166232789181009,2,0.17620920636370105,0.22125549727013888,0.4073916961099051,36881,3790,-1144,0,0,5.97629464489051,0.9236648375496527,F
0.6754076285871636,18,0.6216985964243503,0.17500553651644532,0.46009868894554573,22058,2079,-1865,7,3,5.856332591021666,0.997518131172675,F
0.7923385019487886,0,0.3497184453571577,0.56173822663004,0.5634130830564215,29472,1664,-4076,27,3,14.41521286604944,0.032451076790675715,M
0.8653235578830788,14,0.41923675690968887,0.8017107532091232,0.7074808206020905,46346,4762,-411,18,4,1.9647711639113943,0.2355882282446775,M
0.5999951712445505,7,0.7863890031381646,0.44704040980381743,0.17909889411250834,39926,3642,-3454,29,4,4.534754393435843,0.31030711579169745,M
0.7903138880924697,1,0.1072243233036402,0.22867853916619696,0.8117216264140531,56813,3976,-3906,10,2,13.059978842830478,0.3991261004449661,M
0.7427457431154102,2,0.5707301066724844,0.5464338601191736,0.10984776241286048,39832,2726,-2589,27,2,2.8307673670310276,0.2422571575847674,M
1.0912738115400877,13,0.5789711840800861,0.7494017734925679,0.3960418677394042,41021,372,-2383,11,3,12.50589663721035,0.20348799455531252,F
0.14999101837560366,13,0.41732782107484956,0.693369649210344,0.12193624797812613,59131,3262,-4238,11,1,14.746181712504907,0.9545538424175,F
0.40905950855145334,10,0.2896222856866689,0.8051606237400172,0.414379380276233,29087,1159,-2677,6,1,14.086731808120318,0.9185216027705179,F
1.1454526324842145,15,0.2877392306092409,0.32232167779909426,0.520650079098659,17828,4156,-855,25,2,26.206070864689533,0.04699250100311747,F
1.079290162280008,3,0.8069677357286021,0.25516309381421987,0.5093451092652094,36128,4438,-2225,12,1,16.37181119650024,0.33881302160484816,M
0.6012224280642842,19,0.45361949902628607,0.803853188753551,0.23250267762261229,6401,2724,-341,26,2,14.571433411863257,0.40514855367840663,M
0.7821458575816903,4,0.36471149039133754,0.6260482502224185,0.6165924080764899,24643,1364,-122,7,4,12.91056811635832,0.23901453466594336,M
0.4051193012792459,13,0.4590220590651225,0.34874314400604334,0.1358227604037346,20193,2517,-1845,28,3,24.7110779708301,0.6288728969881755,F
0.30693327569613743,15,0.6355123211674891,0.6938784404580074,0.7095254561059323,31853,4317,-1030,28,0,26.95664151599516,0.640380746644241,M
0.6100682454339803,17,0.21660525459580138,0.7520947075842943,0.857315547194837,49864,2559,-2960,21,3,25.74403160671641,0.8505042283285971,M
0.48868745082865805,6,0.4595470681709902,0.591982592272906,0.3718150617208943,25307,4051,-4417,27,2,20.532850765810334,0.7408692683852178,F
0.7420217230359591,9,0.5703074968883096,0.6503072879039321,0.5137915053714656,41982,2386,-669,25,2,4.983490633091552,0.5425733269659556,F
0.18550810066148332,6,0.8588666838811471,0.40020792355413304,0.4031282224470515,24611,668,-2897,29,3,9.029229115268356,0.6535867700444199,F
1.171834288432783,0,0.30202222566033543,0.5309565338744313,0.10536831224324797,48791,3104,-3058,8,2,2.3358288467773454,0.2739887815430181,M
1.184831818927563,18,0.38740059833299645,0.5193273365809298,0.4086996023160928,16950,450,-545,6,1,27.99389817471331,0.5930561899673576,M
